Sequence ID,Probability,Prediction
s1,0.8051620125770569,Cas
s2,0.7884290218353271,Cas
s3,0.518740713596344,Cas
s4,0.8600330948829651,Cas
s5,0.7574184536933899,Cas
s6,0.9960247278213501,Cas
s7,0.987838864326477,Cas
s8,0.9909582138061523,Cas
s9,0.2535172402858734,non-Cas
s10,0.7147940397262573,Cas
s11,0.98919278383255,Cas
s12,0.9746281504631042,Cas
s13,0.9295673370361328,Cas
s14,0.9932976365089417,Cas
s15,0.9783568978309631,Cas
