Sequence ID,Probability,Prediction
s1,0.9668670296669006,Cas
s2,0.9838095903396606,Cas
