Sequence ID,Probability,Prediction
s1,0.9791618585586548,Cas
s2,0.8761922121047974,Cas
s3,0.9750298857688904,Cas
s4,0.9974098801612854,Cas
