Sequence ID,Probability,Prediction
s1,0.9412997364997864,Cas
s2,0.9864208698272705,Cas
