Sequence ID,Probability,Prediction
s1,0.5968167185783386,Cas
s2,0.9984713196754456,Cas
s3,0.4909640848636627,non-Cas
s4,0.9966199398040771,Cas
s5,0.9938533306121826,Cas
s6,0.9858112335205078,Cas
