Sequence ID,Probability,Prediction
s1,0.9877610206604004,Cas
s2,0.9642950296401978,Cas
