Sequence ID,Probability,Prediction
s1,0.7549719214439392,Cas
s2,0.7875648140907288,Cas
s3,0.9384605288505554,Cas
s4,0.9729627966880798,Cas
s5,0.9816669225692749,Cas
s6,0.9943705201148987,Cas
s7,0.7540704011917114,Cas
s8,0.9962330460548401,Cas
s9,0.9900320768356323,Cas
s10,0.9943141341209412,Cas
s11,0.9882104396820068,Cas
s12,0.988500714302063,Cas
s13,0.9925777316093445,Cas
s14,0.9895309209823608,Cas
s15,0.9983154535293579,Cas
s16,0.9984885454177856,Cas
s17,0.9758058786392212,Cas
