Sequence ID,Probability,Prediction
s1,0.9963144659996033,Cas
s2,0.984322726726532,Cas
s3,0.978467583656311,Cas
s4,0.9754063487052917,Cas
s5,0.9894168972969055,Cas
s6,0.9978253841400146,Cas
s7,0.9853097796440125,Cas
s8,0.9691675901412964,Cas
s9,0.9829386472702026,Cas
s10,0.9070721864700317,Cas
s11,0.9810172915458679,Cas
s12,0.996674656867981,Cas
s13,0.9763948917388916,Cas
s14,0.982988178730011,Cas
s15,0.9734532833099365,Cas
