Sequence ID,Probability,Prediction
s1,0.965658962726593,Cas
s2,0.9714449644088745,Cas
