Sequence ID,Probability,Prediction
s1,0.9830931425094604,Cas
s2,0.956518292427063,Cas
s3,0.8036037087440491,Cas
s4,0.9395273923873901,Cas
